case_id,priority,resolver_class,source,source_id,source_name,canonical_id,canonical_name,distance_m,source_address,canonical_address,same_phone,same_website,exact_external_id,historical_link,evidence_label,evidence_confidence,reason_codes,reviewer_decision,approved_operation,reviewer_note
MATCH:osm:osm:node:12350543701,P1,PROBABLE_MATCH,osm,osm:node:12350543701,Bún chả cá Hờn,google_maps_2556,Bún chả cá 109,63.05,3 Kiệt 113 Nguyễn Chí Thanh,,false,false,false,true,MATCH,MODERATE,historical_lineage_address_location_category,DEFER,,
MATCH:osm:osm:node:13563775401,P0,HIGH_CONFIDENCE_MATCH,osm,osm:node:13563775401,Cross Coffee,google_maps_2715,CROSS COFFEE,32.93,88 Đường Trần Văn Dư,,false,false,false,true,MATCH,MODERATE,historical_lineage_address_location_category,DEFER,,
MATCH:osm:osm:node:6570781698,P0,HIGH_CONFIDENCE_MATCH,osm,osm:node:6570781698,Đồng Tiến Bakery,google_maps_1058,Đồng Tiến Bakery,3.04,575 Đường Điện Biên Phủ,,false,false,false,true,MATCH,MODERATE,historical_lineage_address_location_category,DEFER,,
MATCH:osm:osm:way:1463170014,P1,PROBABLE_MATCH,osm,osm:way:1463170014,Nhà Bếp Xưa,google_maps_1695,Nhà Bếp Xưa Restaurant,9.25,"64B Đường Hà Bổng, Đà Nẵng",,false,false,false,true,MATCH,MODERATE,historical_lineage_address_location_category,DEFER,,
MATCH:overture:overture:008c2a2d-5f73-4d99-b995-ae843c6ae41a,P1,PROBABLE_MATCH,overture,overture:008c2a2d-5f73-4d99-b995-ae843c6ae41a,Hải sản Đà Nẵng - Bé Khuê,google_maps_2817,Hải Sản Bé Mơ,110.89,"14 Lê Đức Thọ, Sơn Trà, Đà Nẵng, Quận Sơn Trà, VN",,false,false,false,true,MATCH,MODERATE,historical_lineage_address_location_category,DEFER,,
MATCH:overture:overture:08955212-c94e-4d50-89ad-ab73a0defb0e,P0,HIGH_CONFIDENCE_MATCH,overture,overture:08955212-c94e-4d50-89ad-ab73a0defb0e,Bakery Hoàng Phát,google_maps_1602,Bakery Hoàng Phát,11.54,"34 Đường Phạm Văn Nghị, Quận Thanh Khê, VN",,true,false,false,true,MATCH,STRONG,historical_lineage_exact_phone_compatible_location|historical_lineage_address_location_category,DEFER,,
MATCH:overture:overture:0b5d5134-5b87-4109-a53e-5887be0ceaea,P0,HIGH_CONFIDENCE_MATCH,overture,overture:0b5d5134-5b87-4109-a53e-5887be0ceaea,All Seasons Buffet Da Nang,google_maps_241,All Seasons Buffet Da Nang,7.63,"193 Đường Nguyễn Văn Thoại, Quận Sơn Trà, VN",,true,false,false,true,MATCH,STRONG,historical_lineage_exact_phone_compatible_location|historical_lineage_address_location_category,DEFER,,
MATCH:overture:overture:0d60418c-cdb7-44f5-8afd-ab55c89deab9,P0,HIGH_CONFIDENCE_MATCH,overture,overture:0d60418c-cdb7-44f5-8afd-ab55c89deab9,Mơ Trà,google_maps_450,Mơ Trà,28.12,"7 Đường Phú Thạnh 7, Quận Liên Chiểu, VN",,true,false,false,true,MATCH,STRONG,historical_lineage_exact_phone_compatible_location,DEFER,,
MATCH:overture:overture:0e3390cd-10e4-4361-a178-657f56f117cf,P1,PROBABLE_MATCH,overture,overture:0e3390cd-10e4-4361-a178-657f56f117cf,Torino Bakery,google_maps_1792,Torino Bakery,8.85,"162 Đường Châu Thị Vĩnh Tế, Quận Ngũ Hành Sơn, VN",,true,false,false,true,MATCH,STRONG,historical_lineage_exact_phone_compatible_location,DEFER,,
MATCH:overture:overture:110a15fb-8fa6-4047-94e0-2030420fb526,P0,HIGH_CONFIDENCE_MATCH,overture,overture:110a15fb-8fa6-4047-94e0-2030420fb526,Quán Phở Gia Truyền 18A1,google_maps_1552,Quán Phở Gia Truyền 18A,11.18,"126 Đường Nguyễn Hữu Thọ, Quận Hải Châu, VN",,true,false,false,true,MATCH,STRONG,historical_lineage_exact_phone_compatible_location|historical_lineage_address_location_category,DEFER,,
MATCH:overture:overture:188e1a0f-b2a4-4fa7-8f86-08e5988c0451,P0,HIGH_CONFIDENCE_MATCH,overture,overture:188e1a0f-b2a4-4fa7-8f86-08e5988c0451,Nhà Hàng Hàn Quốc Gogubnam,google_maps_1708,Nhà Hàng Hàn Quốc Gogubnam Đà Nẵng,4.12,"100 Đường Dương Đình Nghệ, Quận Sơn Trà, VN",,true,false,false,true,MATCH,STRONG,historical_lineage_exact_phone_compatible_location|historical_lineage_address_location_category,DEFER,,
MATCH:overture:overture:19f0bbd2-2f66-4a58-bafd-963ec3fc2c9b,P0,HIGH_CONFIDENCE_MATCH,overture,overture:19f0bbd2-2f66-4a58-bafd-963ec3fc2c9b,40Plus Cafe & Vinyl Music,google_maps_1557,40Plus Cafe & Vinyl Music,10.54,"139 Đường Nguyễn Sơn, Quận Hải Châu, VN",,true,false,false,true,MATCH,STRONG,historical_lineage_exact_phone_compatible_location,DEFER,,
MATCH:overture:overture:1ce1093f-0168-4f56-a60b-8c8047cae1c6,P0,HIGH_CONFIDENCE_MATCH,overture,overture:1ce1093f-0168-4f56-a60b-8c8047cae1c6,Đà Phin Cafe,google_maps_1905,Đà Phin Cafe,12.74,"41 Đường Đỗ Quang, Quận Thanh Khê, VN",,true,false,false,true,MATCH,STRONG,historical_lineage_exact_phone_compatible_location|historical_lineage_address_location_category,DEFER,,
MATCH:overture:overture:1e1966bb-c0c8-40df-8e5d-db423558f2b2,P0,HIGH_CONFIDENCE_MATCH,overture,overture:1e1966bb-c0c8-40df-8e5d-db423558f2b2,Mỳ Quảng Cô Sáu,google_maps_2368,Mỳ Quảng Cô Sáu,31.73,"397 Đường Trần Hưng Đạo, Quận Sơn Trà, VN",,true,false,false,true,MATCH,STRONG,historical_lineage_exact_phone_compatible_location|historical_lineage_address_location_category,DEFER,,
MATCH:overture:overture:1f62adf2-9f2c-4e84-95fc-18eef76781e7,P1,PROBABLE_MATCH,overture,overture:1f62adf2-9f2c-4e84-95fc-18eef76781e7,Ngon Hà Nội Xưa Restaurant,google_maps_1695,Nhà Bếp Xưa Restaurant,118.76,"291 Đường Hồ Nghinh, Quận Sơn Trà, VN",,false,false,false,true,UNCERTAIN,WEAK,insufficient_independent_evidence,DEFER,,
MATCH:overture:overture:29e4c47b-fb88-4aeb-b57a-cdd328a3c566,P1,PROBABLE_MATCH,overture,overture:29e4c47b-fb88-4aeb-b57a-cdd328a3c566,Cơm Niêu Nhà Đậu,google_maps_4788,Nhà Hàng Cơm Niêu Phù Sa,41.51,"6 Đường An Thượng 2, Quận Ngũ Hành Sơn, VN",,false,false,false,true,MATCH,MODERATE,historical_lineage_address_location_category,DEFER,,
MATCH:overture:overture:3a91290b-4c8f-473a-a817-597248389791,P1,PROBABLE_MATCH,overture,overture:3a91290b-4c8f-473a-a817-597248389791,Hải Sản Phủi,google_maps_2743,Hải Sản Phủi,53.38,"109 Đường Hồ Nghinh, Quận Sơn Trà, VN",,true,false,false,true,MATCH,STRONG,historical_lineage_exact_phone_compatible_location|historical_lineage_address_location_category,DEFER,,
MATCH:overture:overture:3bb65a05-dc86-4f35-9d74-f1e734037d86,P1,PROBABLE_MATCH,overture,overture:3bb65a05-dc86-4f35-9d74-f1e734037d86,Hải Sản Bà Rô,google_maps_2582,Hải sản tươi sống Bà Rô,52.51,"118 Đường Lý Tử Tấn, Quận Sơn Trà, VN",,false,false,false,true,MATCH,MODERATE,historical_lineage_address_location_category,DEFER,,
MATCH:overture:overture:3bbe6090-ec19-43a8-b922-dd192e62b47c,P0,HIGH_CONFIDENCE_MATCH,overture,overture:3bbe6090-ec19-43a8-b922-dd192e62b47c,Làng Hải Sản,google_maps_1145,Nhà Hàng LÀNG HẢI SẢN,31.79,"817 Đường Nguyễn Tất Thành, Quận Thanh Khê, VN",,true,false,false,true,MATCH,STRONG,historical_lineage_exact_phone_compatible_location|historical_lineage_address_location_category,DEFER,,
MATCH:overture:overture:41b104e5-8e0d-4525-83ec-778f3490aa69,P0,HIGH_CONFIDENCE_MATCH,overture,overture:41b104e5-8e0d-4525-83ec-778f3490aa69,NhÀ HÀNg ĐẢO Xanh,google_maps_2055,NHÀ HÀNG ĐẢO XANH,20.84,"124 Đường Nguyễn Văn Linh, Quận Hải Châu, VN",,true,false,false,true,MATCH,STRONG,historical_lineage_exact_phone_compatible_location,DEFER,,
MATCH:overture:overture:4b42243a-e10d-4898-8bd1-74b355694a2b,P1,PROBABLE_MATCH,overture,overture:4b42243a-e10d-4898-8bd1-74b355694a2b,Thìa Gỗ Restaurant Da Nang,google_maps_5247,Thìa Gỗ Đà Nẵng,20.26,"53 Phan Thúc Duyện, Da Nang, Đà Nẵng, VN",,true,false,false,true,MATCH,STRONG,historical_lineage_exact_phone_compatible_location|historical_lineage_address_location_category,DEFER,,
MATCH:overture:overture:4c64f8eb-66d1-4301-9acc-4137f0f8693d,P0,HIGH_CONFIDENCE_MATCH,overture,overture:4c64f8eb-66d1-4301-9acc-4137f0f8693d,Trà sữa hoa ly,google_maps_1216,Trà sữa hoa ly,15.27,"832 Đường Trần Cao Vân, Quận Thanh Khê, VN",,true,false,false,true,MATCH,STRONG,historical_lineage_exact_phone_compatible_location|historical_lineage_address_location_category,DEFER,,
MATCH:overture:overture:52b9bf26-57ae-44f5-99cb-8fc087647c91,P1,PROBABLE_MATCH,overture,overture:52b9bf26-57ae-44f5-99cb-8fc087647c91,Bò Né 3 Ngon,google_maps_2869,Bò Né 3 Ngon,85.81,"195 Đường Châu Thị Vĩnh Tế, Quận Ngũ Hành Sơn, VN",,false,false,false,true,MATCH,MODERATE,historical_lineage_address_location_category,DEFER,,
MATCH:overture:overture:5cca3fec-c3dd-47fd-b7d2-b3a15a909623,P0,HIGH_CONFIDENCE_MATCH,overture,overture:5cca3fec-c3dd-47fd-b7d2-b3a15a909623,My Coffee,google_maps_5415,My Coffee,18.06,"305 Đ. Lê Văn Hiến, Quận Ngũ Hành Sơn, VN",,true,false,false,true,MATCH,STRONG,historical_lineage_exact_phone_compatible_location|historical_lineage_address_location_category,DEFER,,
MATCH:overture:overture:60fd4dbe-54ee-480f-a2cd-3c91ebede166,P0,HIGH_CONFIDENCE_MATCH,overture,overture:60fd4dbe-54ee-480f-a2cd-3c91ebede166,Bếp nhà Nhiên,google_maps_888,Bếp nhà Nhiên,16.57,"K64 Ngô Chân Lưu, Quận Liên Chiểu, VN",,true,false,false,true,MATCH,STRONG,historical_lineage_exact_phone_compatible_location|historical_lineage_address_location_category,DEFER,,
MATCH:overture:overture:62d9fa47-6d23-4f62-bc46-31a8ec55c645,P0,HIGH_CONFIDENCE_MATCH,overture,overture:62d9fa47-6d23-4f62-bc46-31a8ec55c645,Đồng Tiến Bakery,google_maps_951,Đồng Tiến Bakery,21.16,"330 Đường Hà Huy Tập, Quận Thanh Khê, VN",,true,false,false,true,MATCH,STRONG,historical_lineage_exact_phone_compatible_location|historical_lineage_address_location_category,DEFER,,
MATCH:overture:overture:66c671fa-ca5b-402b-89ff-0095e50ab916,P1,PROBABLE_MATCH,overture,overture:66c671fa-ca5b-402b-89ff-0095e50ab916,Túc Tắc Tea Đà Nẵng,google_maps_2464,Túc Tắc Tea Đà Nẵng - Hải Phòng,14.1,"6 Đường Hải Phòng, Quận Hải Châu, VN",,false,false,false,true,MATCH,MODERATE,historical_lineage_address_location_category,DEFER,,
MATCH:overture:overture:6847549e-31c8-4828-89b8-0826cef1786e,P1,PROBABLE_MATCH,overture,overture:6847549e-31c8-4828-89b8-0826cef1786e,Muối Biển Seafood Restaurant - Nhà hàng hải sản Đà Nẵng,google_maps_2492,Muối Biển Seafood Restaurant - Nhà hàng hải sản Đà Nẵng,68.01,"51 Đường Võ Nguyên Giáp, Quận Ngũ Hành Sơn, VN",,true,false,false,true,MATCH,STRONG,historical_lineage_exact_phone_compatible_location|historical_lineage_address_location_category,DEFER,,
MATCH:overture:overture:6a921f19-8a50-4cc2-ae71-75107588828a,P0,HIGH_CONFIDENCE_MATCH,overture,overture:6a921f19-8a50-4cc2-ae71-75107588828a,Quán Cafe King,google_maps_689,Quán Cafe King,25.47,"39 Ngô Xuân Thu, Quận Liên Chiểu, VN",,true,false,false,true,MATCH,STRONG,historical_lineage_exact_phone_compatible_location|historical_lineage_address_location_category,DEFER,,
MATCH:overture:overture:7219119b-0478-43a5-ab4d-2b451cf99f34,P1,PROBABLE_MATCH,overture,overture:7219119b-0478-43a5-ab4d-2b451cf99f34,Gỏi Cá Thanh Hương- Đặc sản Nam Ô,google_maps_622,Gỏi Cá Thanh Hương - Nam Ô,3.59,"1029 Đường Nguyễn Lương Bằng, Quận Liên Chiểu, VN",,true,false,false,true,MATCH,STRONG,historical_lineage_exact_phone_compatible_location|historical_lineage_address_location_category,DEFER,,
MATCH:overture:overture:7861351d-4f0f-491c-9b8a-9985dedbf02b,P0,HIGH_CONFIDENCE_MATCH,overture,overture:7861351d-4f0f-491c-9b8a-9985dedbf02b,Quán Hoa Bánh Canh Vịt,google_maps_512,Quán Hoa - Bánh Canh Vịt,12,"56 Đường Phạm Như Xương, Quận Liên Chiểu, VN",,true,false,false,true,MATCH,STRONG,historical_lineage_exact_phone_compatible_location|historical_lineage_address_location_category,DEFER,,
MATCH:overture:overture:78f119f1-1ae5-4f54-bbf2-e191a268ba17,P1,PROBABLE_MATCH,overture,overture:78f119f1-1ae5-4f54-bbf2-e191a268ba17,Nhà Hàng Cafe Vip Vườn,google_maps_2486,Cafe VIP Vườn,113.72,"34 Nguyễn Hữu Thọ, Quận Hải Châu, VN",,true,false,false,true,MATCH,STRONG,historical_lineage_exact_phone_compatible_location|historical_lineage_address_location_category,DEFER,,
MATCH:overture:overture:7d224842-8bbc-49b7-bcd2-895b44587775,P1,PROBABLE_MATCH,overture,overture:7d224842-8bbc-49b7-bcd2-895b44587775,La Maison 1888,google_maps_2221,La Maison 1888,135.33,"InterContinental Danang Sun Peninsula Resort, Quận Sơn Trà, VN",,true,false,false,true,MATCH,STRONG,historical_lineage_exact_phone_compatible_location|historical_lineage_address_location_category,DEFER,,
MATCH:overture:overture:84b736b1-3612-4adf-9942-2b60d55b9b2d,P0,HIGH_CONFIDENCE_MATCH,overture,overture:84b736b1-3612-4adf-9942-2b60d55b9b2d,Rustic Tea & Coffee,google_maps_332,Rustic Tea & Coffee,9.52,"703 Đường Âu Cơ, Quận Liên Chiểu, VN",,true,false,false,true,MATCH,STRONG,historical_lineage_exact_phone_compatible_location|historical_lineage_address_location_category,DEFER,,
MATCH:overture:overture:85ac7a27-2f81-4f62-9330-168e84aede22,P0,HIGH_CONFIDENCE_MATCH,overture,overture:85ac7a27-2f81-4f62-9330-168e84aede22,Cơm nhà Kiều Thị - 66 Ngô Văn Sở,google_maps_490,Cơm nhà Kiều Thị - 66 Ngô Văn Sở,26.77,"66 Đường Ngô Văn Sở, Quận Liên Chiểu, VN",,true,false,false,true,MATCH,STRONG,historical_lineage_exact_phone_compatible_location|historical_lineage_address_location_category,DEFER,,
MATCH:overture:overture:87683a49-1a13-405d-b5eb-84dc82e67775,P1,PROBABLE_MATCH,overture,overture:87683a49-1a13-405d-b5eb-84dc82e67775,ĐÀ ThÀNh QuÁN,google_maps_2055,NHÀ HÀNG ĐẢO XANH,26.68,"122 Đường Nguyễn Văn Thoại, Quận Sơn Trà, VN",,false,false,false,true,MATCH,MODERATE,historical_lineage_address_location_category,DEFER,,
MATCH:overture:overture:8d25a98d-17d9-48b2-91b6-2fee80d38203,P1,PROBABLE_MATCH,overture,overture:8d25a98d-17d9-48b2-91b6-2fee80d38203,Vềnhà.café,google_maps_2875,"""về nhà"" café",76.35,"86 Hồ Hán Thương, Quận Sơn Trà, VN",,false,false,false,true,MATCH,MODERATE,historical_lineage_address_location_category,DEFER,,
MATCH:overture:overture:90fa89d8-c389-489c-9ff6-91b8964b461c,P0,HIGH_CONFIDENCE_MATCH,overture,overture:90fa89d8-c389-489c-9ff6-91b8964b461c,Lữ Cafe and Bar,google_maps_2245,Lữ Cafe & Bar,5.87,"30 Đường Suối Đá 3, Quận Sơn Trà, VN",,true,false,false,true,MATCH,STRONG,historical_lineage_exact_phone_compatible_location|historical_lineage_address_location_category,DEFER,,
MATCH:overture:overture:91d99545-d195-4590-ba1a-b7b7808e6e8b,P0,HIGH_CONFIDENCE_MATCH,overture,overture:91d99545-d195-4590-ba1a-b7b7808e6e8b,Tiệm Ăn Phúc Ký,google_maps_1719,Tiệm Ăn Phúc Ký,4.57,"81 Đường Hùng Vương, Quận Hải Châu, VN",,true,false,false,true,MATCH,STRONG,historical_lineage_exact_phone_compatible_location|historical_lineage_address_location_category,DEFER,,
MATCH:overture:overture:9c0ec2ea-fc55-4d8c-ac0d-f863a66cdf42,P0,HIGH_CONFIDENCE_MATCH,overture,overture:9c0ec2ea-fc55-4d8c-ac0d-f863a66cdf42,BonPas Bakery & Cafe,google_maps_2088,BonPas Bakery & Cafe,2.81,"4 Đường Xô Viết Nghệ Tĩnh, Quận Hải Châu, VN",,true,false,false,true,MATCH,STRONG,historical_lineage_exact_phone_compatible_location|historical_lineage_address_location_category,DEFER,,
MATCH:overture:overture:9f42591b-5c24-454a-84c4-554ce28b240b,P0,HIGH_CONFIDENCE_MATCH,overture,overture:9f42591b-5c24-454a-84c4-554ce28b240b,Bún Mắm 66,google_maps_1364,Bún Mắm 66,12.08,"66 Đường Nguyễn Chánh, Quận Liên Chiểu, VN",,true,false,false,true,MATCH,STRONG,historical_lineage_exact_phone_compatible_location|historical_lineage_address_location_category,DEFER,,
MATCH:overture:overture:a4a978ad-6080-4d48-baad-c7acf40df75b,P1,PROBABLE_MATCH,overture,overture:a4a978ad-6080-4d48-baad-c7acf40df75b,Tiệm cafe Ông Ngoại,google_maps_539,Tiệm cafe Ông Ngoại,56.54,"66 Đường Phạm Như Xương, Quận Liên Chiểu, VN",,false,false,false,true,MATCH,MODERATE,historical_lineage_address_location_category,DEFER,,
MATCH:overture:overture:a4ebc563-8eb9-48ca-b2bd-8b2508318c4e,P0,HIGH_CONFIDENCE_MATCH,overture,overture:a4ebc563-8eb9-48ca-b2bd-8b2508318c4e,Roost Roasters,google_maps_2716,Roost Coffee Roasters | Da Nang,6.2,"57 Bà Huyện Thanh Quan, Quận Ngũ Hành Sơn, VN",,true,false,false,true,MATCH,STRONG,historical_lineage_exact_phone_compatible_location|historical_lineage_address_location_category,DEFER,,
MATCH:overture:overture:a6a281f8-2c8c-486f-9e73-f82b80ce2461,P0,HIGH_CONFIDENCE_MATCH,overture,overture:a6a281f8-2c8c-486f-9e73-f82b80ce2461,Góc Hà Nội quán,google_maps_2780,Góc Hà Nội quán,4.57,"80 Đường Dương Tự Minh, Quận Sơn Trà, VN",,true,false,false,true,MATCH,STRONG,historical_lineage_exact_phone_compatible_location|historical_lineage_address_location_category,DEFER,,
MATCH:overture:overture:a6f73975-9a92-4e06-9a5a-2de02bd1d78e,P1,PROBABLE_MATCH,overture,overture:a6f73975-9a92-4e06-9a5a-2de02bd1d78e,Ý Liên Coffee,google_maps_1329,Cafe Ý Liên,69.21,"Số 20 Đường Bùi Tấn Diên, P. Hòa Minh, Q.Liên Chiểu, TP.Đà Nẵng, Da Nang, VN",,true,false,false,true,MATCH,STRONG,historical_lineage_exact_phone_compatible_location|historical_lineage_address_location_category,DEFER,,
MATCH:overture:overture:b4e86f4e-fd7b-47d0-b432-9b4458ec5d85,P1,PROBABLE_MATCH,overture,overture:b4e86f4e-fd7b-47d0-b432-9b4458ec5d85,Cafe Street 102,google_maps_465,Cafe Street 102,194.44,"Hoàng Trung Thông, Quận Liên Chiểu, VN",,true,false,false,true,UNCERTAIN,WEAK,insufficient_independent_evidence,DEFER,,
MATCH:overture:overture:b60877ae-a80e-42fc-b72b-83bb085c132b,P0,HIGH_CONFIDENCE_MATCH,overture,overture:b60877ae-a80e-42fc-b72b-83bb085c132b,Tiệm bánh kem Yellow Cake Đà Nẵng,google_maps_570,Tiệm bánh kem Yellow Cake Đà Nẵng,40.23,"586 Đường Tôn Đức Thắng, Quận Liên Chiểu, VN",,false,false,false,true,MATCH,MODERATE,historical_lineage_address_location_category,DEFER,,
MATCH:overture:overture:b7b54f66-0735-4c38-94b7-80713b2e3c0a,P0,HIGH_CONFIDENCE_MATCH,overture,overture:b7b54f66-0735-4c38-94b7-80713b2e3c0a,Bếp Bà Ngoại - Ram cuốn cải & Hoành thánh chiên - 04 Vũ Trọng Hoàng,google_maps_1480,Bếp Bà Ngoại - Ram cuốn cải & Hoành thánh chiên - 04 Vũ Trọng Hoàng,4.38,"4 Đường Vũ Trọng Hoàng, Quận Cẩm Lệ, VN",,true,false,false,true,MATCH,STRONG,historical_lineage_exact_phone_compatible_location|historical_lineage_address_location_category,DEFER,,
MATCH:overture:overture:ba434713-b3df-45bd-a948-1cfcda3d0e6d,P0,HIGH_CONFIDENCE_MATCH,overture,overture:ba434713-b3df-45bd-a948-1cfcda3d0e6d,Ăn Vặt Tờ Rinh,google_maps_2834,Ăn Vặt Tờ Rinh,4.54,"84 Đường Trương Định, Quận Sơn Trà, VN",,true,false,false,true,MATCH,STRONG,historical_lineage_exact_phone_compatible_location|historical_lineage_address_location_category,DEFER,,
MATCH:overture:overture:bb2ada33-d1ce-4b0f-ac3e-9b4359343573,P1,PROBABLE_MATCH,overture,overture:bb2ada33-d1ce-4b0f-ac3e-9b4359343573,Hủ tiếu Miền Trung,google_maps_347,Hủ tiếu Miền Trung 399 âu cơ,3.27,"399 Đường Âu Cơ, Quận Liên Chiểu, VN",,false,false,false,true,MATCH,MODERATE,historical_lineage_address_location_category,DEFER,,
MATCH:overture:overture:bb43edb0-e581-4b0f-8bb2-16a39c739ab2,P0,HIGH_CONFIDENCE_MATCH,overture,overture:bb43edb0-e581-4b0f-8bb2-16a39c739ab2,Đồng Tiến Bakery,google_maps_1614,Đồng Tiến Bakery,14.39,"201 Đường Phan Thanh, Quận Thanh Khê, VN",,true,false,false,true,MATCH,STRONG,historical_lineage_exact_phone_compatible_location|historical_lineage_address_location_category,DEFER,,
MATCH:overture:overture:c3ad1c10-7e62-4c21-a628-b0581a19b044,P0,HIGH_CONFIDENCE_MATCH,overture,overture:c3ad1c10-7e62-4c21-a628-b0581a19b044,Út Tịch café,google_maps_2001,Út Tịch café,7.71,"73 Đường Nguyễn Thái Học, Quận Hải Châu, VN",,true,false,false,true,MATCH,STRONG,historical_lineage_exact_phone_compatible_location|historical_lineage_address_location_category,DEFER,,
MATCH:overture:overture:c412105f-738a-4aff-a438-1279129f11a3,P0,HIGH_CONFIDENCE_MATCH,overture,overture:c412105f-738a-4aff-a438-1279129f11a3,Ốc Hút Điện Phương,google_maps_1165,Ốc Hút Điện Phương,17.68,"304/1 Kiệt 304 Điện Biên Phủ, Quận Thanh Khê, VN",,true,false,false,true,MATCH,STRONG,historical_lineage_exact_phone_compatible_location|historical_lineage_address_location_category,DEFER,,
MATCH:overture:overture:c5cf55fc-8a15-4b6f-b512-23075fc31dd2,P0,HIGH_CONFIDENCE_MATCH,overture,overture:c5cf55fc-8a15-4b6f-b512-23075fc31dd2,Shu Garden Coffee,google_maps_4394,Shu Garden Coffee,26.83,"43 Đường Trần Ngọc Sương, Quận Cẩm Lệ, VN",,true,false,false,true,MATCH,STRONG,historical_lineage_exact_phone_compatible_location|historical_lineage_address_location_category,DEFER,,
MATCH:overture:overture:c8276798-da8a-45a9-8944-331fbf29ea23,P1,PROBABLE_MATCH,overture,overture:c8276798-da8a-45a9-8944-331fbf29ea23,Cafe ViTa,google_maps_537,Cafe ViTa,113.63,"Đồng Bài 1, Quận Liên Chiểu, VN",,true,false,false,true,MATCH,STRONG,historical_lineage_exact_phone_compatible_location|historical_lineage_address_location_category,DEFER,,
MATCH:overture:overture:c92b141f-647d-40d8-93b2-87422e89d6f5,P0,HIGH_CONFIDENCE_MATCH,overture,overture:c92b141f-647d-40d8-93b2-87422e89d6f5,Đông Phương Quán,google_maps_2477,Quán Đông Phương,3.77,"255 Đường Nguyễn Tất Thành, Quận Hải Châu, VN",,true,false,false,true,MATCH,STRONG,historical_lineage_exact_phone_compatible_location|historical_lineage_address_location_category,DEFER,,
MATCH:overture:overture:cc052b89-0810-4583-b89e-d2299b51f4c7,P1,PROBABLE_MATCH,overture,overture:cc052b89-0810-4583-b89e-d2299b51f4c7,The Leaf Café,google_maps_1903,THE LEAF HOUSE CAFE,6.17,"1153 Đường Nguyễn Tất Thành, Quận Thanh Khê, VN",,true,false,false,true,MATCH,STRONG,historical_lineage_exact_phone_compatible_location|historical_lineage_address_location_category,DEFER,,
MATCH:overture:overture:cf309f8e-bb96-4d27-8027-74fde4163558,P1,PROBABLE_MATCH,overture,overture:cf309f8e-bb96-4d27-8027-74fde4163558,Lẩu Bò Hồng,google_maps_1154,Quán Ăn Cô Hường,64.28,"Quận Thanh Khê, VN",,false,false,false,true,MATCH,MODERATE,historical_lineage_address_location_category,DEFER,,
MATCH:overture:overture:d4c52696-33de-4cc6-a217-8a747f14d72e,P1,PROBABLE_MATCH,overture,overture:d4c52696-33de-4cc6-a217-8a747f14d72e,Bánh Tráng Kẹp Cô Lan,google_maps_2533,Bánh tráng trộn cô Đồng,18.44,"90 Đường Phan Thanh, Quận Thanh Khê, VN",,false,false,false,true,MATCH,MODERATE,historical_lineage_address_location_category,DEFER,,
MATCH:overture:overture:d74311bb-3834-4b85-85d7-320fd7a3c6c3,P1,PROBABLE_MATCH,overture,overture:d74311bb-3834-4b85-85d7-320fd7a3c6c3,Quán Nướng Bơ Vỉa Hè,google_maps_2797,Quán Nướng Bơ Vỉa Hè 1,145.19,"Đ. Doãn Khuê, Quận Ngũ Hành Sơn, VN",,true,false,false,true,MATCH,STRONG,historical_lineage_exact_phone_compatible_location,DEFER,,
MATCH:overture:overture:d9189ea6-45e7-4b9d-952f-aa41f26f4a5c,P1,PROBABLE_MATCH,overture,overture:d9189ea6-45e7-4b9d-952f-aa41f26f4a5c,Baskin Robbins Nguyễn Văn Linh - Đà Nẵng,google_maps_1671,GoGi House Nguyễn Văn Linh,95.64,"33 Đường Nguyễn Văn Linh, Quận Hải Châu, VN",,false,false,false,true,MATCH,MODERATE,historical_lineage_address_location_category,DEFER,,
MATCH:overture:overture:de69da6c-3985-44ee-bc6e-05d45a2f6311,P1,PROBABLE_MATCH,overture,overture:de69da6c-3985-44ee-bc6e-05d45a2f6311,Tra Sua 52,google_maps_3719,Trà sữa 52,67.82,"52 Đường Bùi Xương Trạch, Quận Cẩm Lệ, VN",,true,false,false,true,MATCH,STRONG,historical_lineage_exact_phone_compatible_location|historical_lineage_address_location_category,DEFER,,
MATCH:overture:overture:e51df8bd-2040-4365-a9d0-d3f2c88dce87,P1,PROBABLE_MATCH,overture,overture:e51df8bd-2040-4365-a9d0-d3f2c88dce87,Nhà Hàng Yến Thành,google_maps_2585,Nhà hàng Yến Thành 1,12.99,"26 Đường Yết Kiêu, Quận Sơn Trà, VN",,true,false,false,true,MATCH,STRONG,historical_lineage_exact_phone_compatible_location|historical_lineage_address_location_category,DEFER,,
MATCH:overture:overture:e8b8593a-c202-4274-8aaa-03070caf69f9,P0,HIGH_CONFIDENCE_MATCH,overture,overture:e8b8593a-c202-4274-8aaa-03070caf69f9,Hải sản quán Có,google_maps_1156,Hải Sản Quán Có,14.78,"997 Đường Nguyễn Tất Thành, Quận Thanh Khê, VN",,true,false,false,true,MATCH,STRONG,historical_lineage_exact_phone_compatible_location|historical_lineage_address_location_category,DEFER,,
MATCH:overture:overture:ebc7966f-cfac-4a2a-ac8e-a13e24dfa9e1,P0,HIGH_CONFIDENCE_MATCH,overture,overture:ebc7966f-cfac-4a2a-ac8e-a13e24dfa9e1,Nhà Hàng Sơn Trang,google_maps_3292,Nhà Hàng Sơn Trang,4.38,"214 Đường Lê Trọng Tấn, Quận Cẩm Lệ, VN",,true,false,false,true,MATCH,STRONG,historical_lineage_exact_phone_compatible_location|historical_lineage_address_location_category,DEFER,,
MATCH:overture:overture:edabf68a-95f9-4586-a1d4-6712fdcdf555,P0,HIGH_CONFIDENCE_MATCH,overture,overture:edabf68a-95f9-4586-a1d4-6712fdcdf555,Nhà Hàng 1988,google_maps_2856,Nhà Hàng 1988 Đà Nẵng,16.63,"195 Đường Châu Thị Vĩnh Tế, Quận Ngũ Hành Sơn, VN",,true,false,false,true,MATCH,STRONG,historical_lineage_exact_phone_compatible_location|historical_lineage_address_location_category,DEFER,,
MATCH:overture:overture:fa06911c-91ee-42b0-a590-64ed6ff271e6,P0,HIGH_CONFIDENCE_MATCH,overture,overture:fa06911c-91ee-42b0-a590-64ed6ff271e6,Quán Ăn Mến Lộc,google_maps_1164,Quán Ăn Mến Lộc,11.45,"183 Đường Trần Cao Vân, Quận Thanh Khê, VN",,true,false,false,true,MATCH,STRONG,historical_lineage_exact_phone_compatible_location|historical_lineage_address_location_category,DEFER,,
MATCH:overture:overture:fbacb852-0983-4801-85fe-e345f7c3fce8,P1,PROBABLE_MATCH,overture,overture:fbacb852-0983-4801-85fe-e345f7c3fce8,Gear Cafe’ And Bistro,google_maps_1738,Gear Cafe’ And Bistro,52.92,"279 Đường Hồ Nghinh, Quận Sơn Trà, VN",,true,false,false,true,MATCH,STRONG,historical_lineage_exact_phone_compatible_location|historical_lineage_address_location_category,DEFER,,
MATCH:overture:overture:fe318a56-df70-45fd-a166-bf81c56704a4,P0,HIGH_CONFIDENCE_MATCH,overture,overture:fe318a56-df70-45fd-a166-bf81c56704a4,Tiệm trà TIAN - Trà Sữa full topping nhà làm,google_maps_2160,Tiệm trà TIAN - Trà Sữa full topping nhà làm,6.38,"57 Đường An Hải 17, Quận Sơn Trà, VN",,true,false,false,true,MATCH,STRONG,historical_lineage_exact_phone_compatible_location|historical_lineage_address_location_category,DEFER,,
MATCH:overture:overture:ff3c30b4-6a4e-4c90-965e-60e170533224,P0,HIGH_CONFIDENCE_MATCH,overture,overture:ff3c30b4-6a4e-4c90-965e-60e170533224,Ly's Bakery,google_maps_1603,Ly's Bakery,8.97,"236 Đường Nguyễn Hoàng, Quận Thanh Khê, VN",,true,false,false,true,MATCH,STRONG,historical_lineage_exact_phone_compatible_location|historical_lineage_address_location_category,DEFER,,
NEW:overture:overture:0faa29da-3f3d-4523-b487-91aa83dad406,P2,NEW_CANDIDATE,overture,overture:0faa29da-3f3d-4523-b487-91aa83dad406,Phúc Thanh Hotel,,,265.97,"39 Đường Lê Quang Đạo, Quận Ngũ Hành Sơn, VN",,false,false,false,false,STRONG_CREATE_CANDIDATE,STRONG,appears_real_poi|inside_approved_product_boundary|no_nearby_canonical_candidate|provenance_license_complete|traveler_relevant|no_source_duplicate,DEFER,,
NEW:overture:overture:17c1bde7-edeb-4a0b-b3e2-955742d5d384,P2,NEW_CANDIDATE,overture,overture:17c1bde7-edeb-4a0b-b3e2-955742d5d384,Bún lòng bà Hiền,,,681.89,"K300/11 Đường Hải Phòng, Quận Thanh Khê, VN",,false,false,false,false,STRONG_CREATE_CANDIDATE,STRONG,appears_real_poi|inside_approved_product_boundary|no_nearby_canonical_candidate|provenance_license_complete|traveler_relevant|no_source_duplicate,DEFER,,
NEW:overture:overture:1c01aa02-8702-4350-b843-bb98ad2d768c,P2,NEW_CANDIDATE,overture,overture:1c01aa02-8702-4350-b843-bb98ad2d768c,Mầm non Kitty,,,,"1 Đường Bình Ký, Quận Ngũ Hành Sơn, VN",,false,false,false,false,STRONG_CREATE_CANDIDATE,STRONG,appears_real_poi|inside_approved_product_boundary|no_nearby_canonical_candidate|provenance_license_complete|traveler_relevant|no_source_duplicate,DEFER,,
NEW:overture:overture:1f2e57b2-3e46-42c0-aeba-8436073ff1c4,P2,NEW_CANDIDATE,overture,overture:1f2e57b2-3e46-42c0-aeba-8436073ff1c4,Tuyen Son Restaurant,,,607.3,"148 Đường Nguyễn Tri Phương, Quận Thanh Khê, VN",,false,false,false,false,STRONG_CREATE_CANDIDATE,STRONG,appears_real_poi|inside_approved_product_boundary|no_nearby_canonical_candidate|provenance_license_complete|traveler_relevant|no_source_duplicate,DEFER,,
NEW:overture:overture:294a97fd-2ca9-4e70-87c2-72157f28db18,P2,NEW_CANDIDATE,overture,overture:294a97fd-2ca9-4e70-87c2-72157f28db18,SH Europa Hotel,,,280.81,"15 Đường An Thượng 26, Quận Ngũ Hành Sơn, VN",,false,false,false,false,STRONG_CREATE_CANDIDATE,STRONG,appears_real_poi|inside_approved_product_boundary|no_nearby_canonical_candidate|provenance_license_complete|traveler_relevant|no_source_duplicate,DEFER,,
NEW:overture:overture:3933e90d-161f-4987-8d43-6b064dd589ab,P2,NEW_CANDIDATE,overture,overture:3933e90d-161f-4987-8d43-6b064dd589ab,Kokogreen Phan Chau Trinh,,,310.95,"234 Phan Châu Trinh, Quận Hải Châu, VN",,false,false,false,false,STRONG_CREATE_CANDIDATE,STRONG,appears_real_poi|inside_approved_product_boundary|no_nearby_canonical_candidate|provenance_license_complete|traveler_relevant|no_source_duplicate,DEFER,,
NEW:overture:overture:470bd34d-25ea-4515-9d2e-3b350831ea77,P2,NEW_CANDIDATE,overture,overture:470bd34d-25ea-4515-9d2e-3b350831ea77,Gà Tre Xứ Quảng 2,,,,"556 Hoàng Thị Loan, Quận Liên Chiểu, VN",,false,false,false,false,STRONG_CREATE_CANDIDATE,STRONG,appears_real_poi|inside_approved_product_boundary|no_nearby_canonical_candidate|provenance_license_complete|traveler_relevant|no_source_duplicate,DEFER,,
NEW:overture:overture:4fb66282-1456-4d30-bd44-3106159ebae9,P2,NEW_CANDIDATE,overture,overture:4fb66282-1456-4d30-bd44-3106159ebae9,Trường Tiểu học Mai Đăng Chơn,,,,"215 Đường Nguyễn Duy Trinh, Quận Ngũ Hành Sơn, VN",,false,false,false,false,STRONG_CREATE_CANDIDATE,STRONG,appears_real_poi|inside_approved_product_boundary|no_nearby_canonical_candidate|provenance_license_complete|traveler_relevant|no_source_duplicate,DEFER,,
NEW:overture:overture:50282cc5-c6e6-40d9-99cf-f51bffe4ac35,P2,NEW_CANDIDATE,overture,overture:50282cc5-c6e6-40d9-99cf-f51bffe4ac35,Sleepy Dog Pub,,,381.47,"10 Đường An Thượng 4, Quận Ngũ Hành Sơn, VN",,false,false,false,false,STRONG_CREATE_CANDIDATE,STRONG,appears_real_poi|inside_approved_product_boundary|no_nearby_canonical_candidate|provenance_license_complete|traveler_relevant|no_source_duplicate,DEFER,,
NEW:overture:overture:56551945-8f4f-497d-a410-7ca49db416e1,P2,NEW_CANDIDATE,overture,overture:56551945-8f4f-497d-a410-7ca49db416e1,BIT cà phê,,,350.61,"41 Đường Lê Văn Hoan, Huyện Hòa Vang, VN",,false,false,false,false,STRONG_CREATE_CANDIDATE,STRONG,appears_real_poi|inside_approved_product_boundary|no_nearby_canonical_candidate|provenance_license_complete|traveler_relevant|no_source_duplicate,DEFER,,
NEW:overture:overture:61177714-3a2f-44f3-a626-97014146063b,P2,NEW_CANDIDATE,overture,overture:61177714-3a2f-44f3-a626-97014146063b,Quán A5 Hải Sản Lặn,,,,"19 Đường Hoàng Sa, Quận Sơn Trà, VN",,false,false,false,false,STRONG_CREATE_CANDIDATE,STRONG,appears_real_poi|inside_approved_product_boundary|no_nearby_canonical_candidate|provenance_license_complete|traveler_relevant|no_source_duplicate,DEFER,,
NEW:overture:overture:8592b1f0-d149-4f9b-8fb2-16eb901c76b1,P2,NEW_CANDIDATE,overture,overture:8592b1f0-d149-4f9b-8fb2-16eb901c76b1,Trà sữa Ông Thọ,,,362.76,"63 Đường Phan Đăng Lưu, Quận Hải Châu, VN",,false,false,false,false,STRONG_CREATE_CANDIDATE,STRONG,appears_real_poi|inside_approved_product_boundary|no_nearby_canonical_candidate|provenance_license_complete|traveler_relevant|no_source_duplicate,DEFER,,
NEW:overture:overture:9472899d-b112-4512-86fa-cc7c8bbf0765,P2,NEW_CANDIDATE,overture,overture:9472899d-b112-4512-86fa-cc7c8bbf0765,An Sơn Motel,,,323.07,"198 Đường Đống Đa, Quận Hải Châu, VN",,false,false,false,false,STRONG_CREATE_CANDIDATE,STRONG,appears_real_poi|inside_approved_product_boundary|no_nearby_canonical_candidate|provenance_license_complete|traveler_relevant|no_source_duplicate,DEFER,,
NEW:overture:overture:a16e2543-fd3b-4fba-9ae4-2dd26cac6bd5,P2,NEW_CANDIDATE,overture,overture:a16e2543-fd3b-4fba-9ae4-2dd26cac6bd5,PN Sport,,,,"20 Đường Đồng Phước Huyền, Quận Ngũ Hành Sơn, VN",,false,false,false,false,REVIEW_REQUIRED,WEAK,appears_real_poi|inside_approved_product_boundary|no_nearby_canonical_candidate|provenance_license_complete|low_traveler_value|no_source_duplicate,DEFER,,
NEW:overture:overture:a1f1a0ef-1232-4c3e-b83a-0c433a9c2c47,P2,NEW_CANDIDATE,overture,overture:a1f1a0ef-1232-4c3e-b83a-0c433a9c2c47,Phước Mỹ An Hotel,,,252.79,"262 Đường Hồ Nghinh, Quận Sơn Trà, VN",,false,false,false,false,STRONG_CREATE_CANDIDATE,STRONG,appears_real_poi|inside_approved_product_boundary|no_nearby_canonical_candidate|provenance_license_complete|traveler_relevant|no_source_duplicate,DEFER,,
NEW:overture:overture:a78b6a96-73ee-49b6-9e24-39d175aa4ad7,P2,NEW_CANDIDATE,overture,overture:a78b6a96-73ee-49b6-9e24-39d175aa4ad7,Friendly coffee,,,702.59,"74 Đường Tú Mỡ, Quận Cẩm Lệ, VN",,false,false,false,false,STRONG_CREATE_CANDIDATE,STRONG,appears_real_poi|inside_approved_product_boundary|no_nearby_canonical_candidate|provenance_license_complete|traveler_relevant|no_source_duplicate,DEFER,,
NEW:overture:overture:bba1da6c-abba-469e-8653-f29319c5a32d,P2,NEW_CANDIDATE,overture,overture:bba1da6c-abba-469e-8653-f29319c5a32d,Aurora English Center,,,,"28 Đường Lê Đức Thọ, Quận Sơn Trà, VN",,false,false,false,false,STRONG_CREATE_CANDIDATE,STRONG,appears_real_poi|inside_approved_product_boundary|no_nearby_canonical_candidate|provenance_license_complete|traveler_relevant|no_source_duplicate,DEFER,,
NEW:overture:overture:c4b4e2ad-b6a8-4e3e-9700-8030579c17e8,P2,NEW_CANDIDATE,overture,overture:c4b4e2ad-b6a8-4e3e-9700-8030579c17e8,Trung Tâm Tiệc Cưới Cà Phê Lan Anh,,,,"Thôn Dương Lâm 1, Xã Hòa Phong, Huyện Hòa Vang, Trung Tâm Hành Chính Huyện Hoà Vang, gần chợ Tuý Loan, Huyện Hòa Vang, VN",,false,false,false,false,STRONG_CREATE_CANDIDATE,STRONG,appears_real_poi|inside_approved_product_boundary|no_nearby_canonical_candidate|provenance_license_complete|traveler_relevant|no_source_duplicate,DEFER,,
NEW:overture:overture:d2da35fd-0f1e-45ff-85eb-b184f5300a6f,P2,NEW_CANDIDATE,overture,overture:d2da35fd-0f1e-45ff-85eb-b184f5300a6f,Sandy Beach Non Nuoc Resort,,,,"21 Đường Trường Sa, Quận Ngũ Hành Sơn, VN",,false,false,false,false,STRONG_CREATE_CANDIDATE,STRONG,appears_real_poi|inside_approved_product_boundary|no_nearby_canonical_candidate|provenance_license_complete|traveler_relevant|no_source_duplicate,DEFER,,
NEW:overture:overture:de7e1134-e905-4fa2-85c9-b36e9be17be0,P2,NEW_CANDIDATE,overture,overture:de7e1134-e905-4fa2-85c9-b36e9be17be0,Chả cá Bà Hà - số 2 đường 30 tháng 4,,,,"2 Đường 30 Tháng 4, Quận Hải Châu, VN",,false,false,false,false,STRONG_CREATE_CANDIDATE,STRONG,appears_real_poi|inside_approved_product_boundary|no_nearby_canonical_candidate|provenance_license_complete|traveler_relevant|no_source_duplicate,DEFER,,
