case_id,reviewer_decision,approved_operation,reviewer_note
MATCH:osm:osm:node:12350543701,DEFER,,
MATCH:osm:osm:node:13563775401,DEFER,,
MATCH:osm:osm:node:6570781698,DEFER,,
MATCH:osm:osm:way:1463170014,DEFER,,
MATCH:overture:overture:008c2a2d-5f73-4d99-b995-ae843c6ae41a,DEFER,,
MATCH:overture:overture:08955212-c94e-4d50-89ad-ab73a0defb0e,DEFER,,
MATCH:overture:overture:0b5d5134-5b87-4109-a53e-5887be0ceaea,DEFER,,
MATCH:overture:overture:0d60418c-cdb7-44f5-8afd-ab55c89deab9,DEFER,,
MATCH:overture:overture:0e3390cd-10e4-4361-a178-657f56f117cf,DEFER,,
MATCH:overture:overture:110a15fb-8fa6-4047-94e0-2030420fb526,DEFER,,
MATCH:overture:overture:188e1a0f-b2a4-4fa7-8f86-08e5988c0451,DEFER,,
MATCH:overture:overture:19f0bbd2-2f66-4a58-bafd-963ec3fc2c9b,DEFER,,
MATCH:overture:overture:1ce1093f-0168-4f56-a60b-8c8047cae1c6,DEFER,,
MATCH:overture:overture:1e1966bb-c0c8-40df-8e5d-db423558f2b2,DEFER,,
MATCH:overture:overture:1f62adf2-9f2c-4e84-95fc-18eef76781e7,DEFER,,
MATCH:overture:overture:29e4c47b-fb88-4aeb-b57a-cdd328a3c566,DEFER,,
MATCH:overture:overture:3a91290b-4c8f-473a-a817-597248389791,DEFER,,
MATCH:overture:overture:3bb65a05-dc86-4f35-9d74-f1e734037d86,DEFER,,
MATCH:overture:overture:3bbe6090-ec19-43a8-b922-dd192e62b47c,DEFER,,
MATCH:overture:overture:41b104e5-8e0d-4525-83ec-778f3490aa69,DEFER,,
MATCH:overture:overture:4b42243a-e10d-4898-8bd1-74b355694a2b,DEFER,,
MATCH:overture:overture:4c64f8eb-66d1-4301-9acc-4137f0f8693d,DEFER,,
MATCH:overture:overture:52b9bf26-57ae-44f5-99cb-8fc087647c91,DEFER,,
MATCH:overture:overture:5cca3fec-c3dd-47fd-b7d2-b3a15a909623,DEFER,,
MATCH:overture:overture:60fd4dbe-54ee-480f-a2cd-3c91ebede166,DEFER,,
MATCH:overture:overture:62d9fa47-6d23-4f62-bc46-31a8ec55c645,DEFER,,
MATCH:overture:overture:66c671fa-ca5b-402b-89ff-0095e50ab916,DEFER,,
MATCH:overture:overture:6847549e-31c8-4828-89b8-0826cef1786e,DEFER,,
MATCH:overture:overture:6a921f19-8a50-4cc2-ae71-75107588828a,DEFER,,
MATCH:overture:overture:7219119b-0478-43a5-ab4d-2b451cf99f34,DEFER,,
MATCH:overture:overture:7861351d-4f0f-491c-9b8a-9985dedbf02b,DEFER,,
MATCH:overture:overture:78f119f1-1ae5-4f54-bbf2-e191a268ba17,DEFER,,
MATCH:overture:overture:7d224842-8bbc-49b7-bcd2-895b44587775,DEFER,,
MATCH:overture:overture:84b736b1-3612-4adf-9942-2b60d55b9b2d,DEFER,,
MATCH:overture:overture:85ac7a27-2f81-4f62-9330-168e84aede22,DEFER,,
MATCH:overture:overture:87683a49-1a13-405d-b5eb-84dc82e67775,DEFER,,
MATCH:overture:overture:8d25a98d-17d9-48b2-91b6-2fee80d38203,DEFER,,
MATCH:overture:overture:90fa89d8-c389-489c-9ff6-91b8964b461c,DEFER,,
MATCH:overture:overture:91d99545-d195-4590-ba1a-b7b7808e6e8b,DEFER,,
MATCH:overture:overture:9c0ec2ea-fc55-4d8c-ac0d-f863a66cdf42,DEFER,,
MATCH:overture:overture:9f42591b-5c24-454a-84c4-554ce28b240b,DEFER,,
MATCH:overture:overture:a4a978ad-6080-4d48-baad-c7acf40df75b,DEFER,,
MATCH:overture:overture:a4ebc563-8eb9-48ca-b2bd-8b2508318c4e,DEFER,,
MATCH:overture:overture:a6a281f8-2c8c-486f-9e73-f82b80ce2461,DEFER,,
MATCH:overture:overture:a6f73975-9a92-4e06-9a5a-2de02bd1d78e,DEFER,,
MATCH:overture:overture:b4e86f4e-fd7b-47d0-b432-9b4458ec5d85,DEFER,,
MATCH:overture:overture:b60877ae-a80e-42fc-b72b-83bb085c132b,DEFER,,
MATCH:overture:overture:b7b54f66-0735-4c38-94b7-80713b2e3c0a,DEFER,,
MATCH:overture:overture:ba434713-b3df-45bd-a948-1cfcda3d0e6d,DEFER,,
MATCH:overture:overture:bb2ada33-d1ce-4b0f-ac3e-9b4359343573,DEFER,,
MATCH:overture:overture:bb43edb0-e581-4b0f-8bb2-16a39c739ab2,DEFER,,
MATCH:overture:overture:c3ad1c10-7e62-4c21-a628-b0581a19b044,DEFER,,
MATCH:overture:overture:c412105f-738a-4aff-a438-1279129f11a3,DEFER,,
MATCH:overture:overture:c5cf55fc-8a15-4b6f-b512-23075fc31dd2,DEFER,,
MATCH:overture:overture:c8276798-da8a-45a9-8944-331fbf29ea23,DEFER,,
MATCH:overture:overture:c92b141f-647d-40d8-93b2-87422e89d6f5,DEFER,,
MATCH:overture:overture:cc052b89-0810-4583-b89e-d2299b51f4c7,DEFER,,
MATCH:overture:overture:cf309f8e-bb96-4d27-8027-74fde4163558,DEFER,,
MATCH:overture:overture:d4c52696-33de-4cc6-a217-8a747f14d72e,DEFER,,
MATCH:overture:overture:d74311bb-3834-4b85-85d7-320fd7a3c6c3,DEFER,,
MATCH:overture:overture:d9189ea6-45e7-4b9d-952f-aa41f26f4a5c,DEFER,,
MATCH:overture:overture:de69da6c-3985-44ee-bc6e-05d45a2f6311,DEFER,,
MATCH:overture:overture:e51df8bd-2040-4365-a9d0-d3f2c88dce87,DEFER,,
MATCH:overture:overture:e8b8593a-c202-4274-8aaa-03070caf69f9,DEFER,,
MATCH:overture:overture:ebc7966f-cfac-4a2a-ac8e-a13e24dfa9e1,DEFER,,
MATCH:overture:overture:edabf68a-95f9-4586-a1d4-6712fdcdf555,DEFER,,
MATCH:overture:overture:fa06911c-91ee-42b0-a590-64ed6ff271e6,DEFER,,
MATCH:overture:overture:fbacb852-0983-4801-85fe-e345f7c3fce8,DEFER,,
MATCH:overture:overture:fe318a56-df70-45fd-a166-bf81c56704a4,DEFER,,
MATCH:overture:overture:ff3c30b4-6a4e-4c90-965e-60e170533224,DEFER,,
NEW:overture:overture:0faa29da-3f3d-4523-b487-91aa83dad406,DEFER,,
NEW:overture:overture:17c1bde7-edeb-4a0b-b3e2-955742d5d384,DEFER,,
NEW:overture:overture:1c01aa02-8702-4350-b843-bb98ad2d768c,DEFER,,
NEW:overture:overture:1f2e57b2-3e46-42c0-aeba-8436073ff1c4,DEFER,,
NEW:overture:overture:294a97fd-2ca9-4e70-87c2-72157f28db18,DEFER,,
NEW:overture:overture:3933e90d-161f-4987-8d43-6b064dd589ab,DEFER,,
NEW:overture:overture:470bd34d-25ea-4515-9d2e-3b350831ea77,DEFER,,
NEW:overture:overture:4fb66282-1456-4d30-bd44-3106159ebae9,DEFER,,
NEW:overture:overture:50282cc5-c6e6-40d9-99cf-f51bffe4ac35,DEFER,,
NEW:overture:overture:56551945-8f4f-497d-a410-7ca49db416e1,DEFER,,
NEW:overture:overture:61177714-3a2f-44f3-a626-97014146063b,DEFER,,
NEW:overture:overture:8592b1f0-d149-4f9b-8fb2-16eb901c76b1,DEFER,,
NEW:overture:overture:9472899d-b112-4512-86fa-cc7c8bbf0765,DEFER,,
NEW:overture:overture:a16e2543-fd3b-4fba-9ae4-2dd26cac6bd5,DEFER,,
NEW:overture:overture:a1f1a0ef-1232-4c3e-b83a-0c433a9c2c47,DEFER,,
NEW:overture:overture:a78b6a96-73ee-49b6-9e24-39d175aa4ad7,DEFER,,
NEW:overture:overture:bba1da6c-abba-469e-8653-f29319c5a32d,DEFER,,
NEW:overture:overture:c4b4e2ad-b6a8-4e3e-9700-8030579c17e8,DEFER,,
NEW:overture:overture:d2da35fd-0f1e-45ff-85eb-b184f5300a6f,DEFER,,
NEW:overture:overture:de7e1134-e905-4fa2-85c9-b36e9be17be0,DEFER,,
