queueId,priority,priorityReason,decision,recommendedAction,source,sourceId,relatedSourceId,name,category,categoryEligibility,newTier,latitude,longitude,canonicalId,canonicalName,evidence,reviewerDecision,reviewerNotes
DUPLICATE:osm:node:12402104801:overture:497415af-bdcc-4ff9-9ca1-848e814c26aa,P3,source_duplicate_resolution,SOURCE_DUPLICATE,MERGE_SOURCE_DUPLICATE,cross_source,osm:node:12402104801,overture:497415af-bdcc-4ff9-9ca1-848e814c26aa,Nhà hàng Nhật Miyoshi,restaurant,TRAVELER_RELEVANT,,16.0693093,108.2364723,,,"{""confidence"":1,""distanceMeters"":2.49,""reasonCodes"":[""near_duplicate_name_category_and_location""]}",,
DUPLICATE:osm:node:4378701501:overture:c831509b-7fe3-423f-9292-3fc32e7aef7b,P3,source_duplicate_resolution,SOURCE_DUPLICATE,MERGE_SOURCE_DUPLICATE,cross_source,osm:node:4378701501,overture:c831509b-7fe3-423f-9292-3fc32e7aef7b,quan pho hong,restaurant,TRAVELER_RELEVANT,,16.0775502,108.2217728,,,"{""confidence"":1,""distanceMeters"":6.09,""reasonCodes"":[""near_duplicate_name_category_and_location""]}",,
DUPLICATE:osm:node:729406392:overture:1b27afcb-daa1-4977-bcd5-cc5327c08c64,P3,source_duplicate_resolution,SOURCE_DUPLICATE,MERGE_SOURCE_DUPLICATE,cross_source,osm:node:729406392,overture:1b27afcb-daa1-4977-bcd5-cc5327c08c64,Ca Phe 83,cafe,TRAVELER_RELEVANT,,16.0785765,108.2193388,,,"{""confidence"":1,""distanceMeters"":3.25,""reasonCodes"":[""near_duplicate_name_category_and_location""]}",,
DUPLICATE:overture:04e58b32-e311-469b-8cf4-ba31f43515f1:overture:a1d192c7-cd45-4b2c-84bf-b57c599fc54e,P3,source_duplicate_resolution,SOURCE_DUPLICATE,MERGE_SOURCE_DUPLICATE,overture,overture:04e58b32-e311-469b-8cf4-ba31f43515f1,overture:a1d192c7-cd45-4b2c-84bf-b57c599fc54e,Ánh Dương Mart | Da Nang,convenience,TRAVELER_RELEVANT,,16.09847911,108.13478291,,,"{""confidence"":0.98,""distanceMeters"":4.05,""reasonCodes"":[""same_phone""]}",,
DUPLICATE:overture:04ec8116-b6a2-4bca-9c25-a94812b846a8:overture:5df61993-707a-4650-a38d-ccd054fcd904,P3,source_duplicate_resolution,SOURCE_DUPLICATE,MERGE_SOURCE_DUPLICATE,overture,overture:04ec8116-b6a2-4bca-9c25-a94812b846a8,overture:5df61993-707a-4650-a38d-ccd054fcd904,Hệ thống thủy lực tàu thuyền,boat,EXCLUDED,,16.05175,108.17767,,,"{""confidence"":0.98,""distanceMeters"":0,""reasonCodes"":[""same_phone""]}",,
DUPLICATE:overture:15557e0f-2e87-42b5-a494-0173090c34ab:overture:e2702b75-fa9f-4a79-bc1f-feefa646d219,P3,source_duplicate_resolution,SOURCE_DUPLICATE,MERGE_SOURCE_DUPLICATE,overture,overture:15557e0f-2e87-42b5-a494-0173090c34ab,overture:e2702b75-fa9f-4a79-bc1f-feefa646d219,Nội thất-phụ kiện ôtô giá rẽ Đà Nẵng,automotive,LOW_VALUE,,16.061364682159148,108.17141033603932,,,"{""confidence"":0.98,""distanceMeters"":47.6,""reasonCodes"":[""same_phone""]}",,
DUPLICATE:overture:22206b08-c071-4415-824e-ef3e9d62830c:overture:62275dbd-8d7d-4403-82d2-b129ca98561e,P3,source_duplicate_resolution,SOURCE_DUPLICATE,MERGE_SOURCE_DUPLICATE,overture,overture:22206b08-c071-4415-824e-ef3e9d62830c,overture:62275dbd-8d7d-4403-82d2-b129ca98561e,LQDOJ,unknown,EXCLUDED,,16.0554002,108.2369901,,,"{""confidence"":0.98,""distanceMeters"":0,""reasonCodes"":[""same_phone""]}",,
DUPLICATE:overture:2d2326d2-9a5b-4774-8bd7-beecfcaf69bb:overture:66fba591-f6b1-4334-8b9e-ffda87b4c614,P3,source_duplicate_resolution,SOURCE_DUPLICATE,MERGE_SOURCE_DUPLICATE,overture,overture:2d2326d2-9a5b-4774-8bd7-beecfcaf69bb,overture:66fba591-f6b1-4334-8b9e-ffda87b4c614,Green House Digital Marketing,web,EXCLUDED,,16.00484,108.22419,,,"{""confidence"":0.98,""distanceMeters"":1.04,""reasonCodes"":[""same_phone""]}",,
DUPLICATE:overture:2d2f0bcb-7920-41fe-9c92-371dbeeed89f:wikidata:Q111862533,P3,source_duplicate_resolution,SOURCE_DUPLICATE,MERGE_SOURCE_DUPLICATE,cross_source,overture:2d2f0bcb-7920-41fe-9c92-371dbeeed89f,wikidata:Q111862533,Halina Hotel and Apartment,accommodation,TRAVELER_RELEVANT,,16.05367335,108.2463168,,,"{""confidence"":1,""distanceMeters"":17.54,""reasonCodes"":[""near_duplicate_name_category_and_location""]}",,
DUPLICATE:overture:32d043cb-2aee-45c6-82a7-ca9ad4a3bb12:overture:c07e5a6c-90b1-4d59-8a0b-7f48d6e4712e,P3,source_duplicate_resolution,SOURCE_DUPLICATE,MERGE_SOURCE_DUPLICATE,overture,overture:32d043cb-2aee-45c6-82a7-ca9ad4a3bb12,overture:c07e5a6c-90b1-4d59-8a0b-7f48d6e4712e,Công ty TNHH H&H - Động cơ điện Đà Nẵng,professional,LOW_VALUE,,16.05875,108.18018,,,"{""confidence"":0.98,""distanceMeters"":14.39,""reasonCodes"":[""same_phone""]}",,
DUPLICATE:overture:355a9c1c-6ebf-41f0-8158-e6b262313b6a:overture:d4587ed6-f42f-4ea7-914c-8e7b24bf021c,P3,source_duplicate_resolution,SOURCE_DUPLICATE,MERGE_SOURCE_DUPLICATE,overture,overture:355a9c1c-6ebf-41f0-8158-e6b262313b6a,overture:d4587ed6-f42f-4ea7-914c-8e7b24bf021c,Đông Trùng Hạ Thảo Bhutan,cafe,TRAVELER_RELEVANT,,16.0813108,108.2189206,,,"{""confidence"":0.98,""distanceMeters"":10.96,""reasonCodes"":[""same_phone""]}",,
DUPLICATE:overture:3df60ad7-f2bb-4536-a46b-102caffa47a9:overture:a56819d8-e323-4a64-9a5d-14e81c044797,P3,source_duplicate_resolution,SOURCE_DUPLICATE,MERGE_SOURCE_DUPLICATE,overture,overture:3df60ad7-f2bb-4536-a46b-102caffa47a9,overture:a56819d8-e323-4a64-9a5d-14e81c044797,Thiết Kế Website Đà Nẵng - 43 Agency,web,EXCLUDED,,16.05310221,108.17771622,,,"{""confidence"":0.98,""distanceMeters"":8.87,""reasonCodes"":[""same_phone""]}",,
DUPLICATE:overture:6883a4b8-a4c0-4d13-8c21-bb24d0c7163f:overture:9c38eb30-3528-4b4c-a3b8-bbb5077574b2,P3,source_duplicate_resolution,SOURCE_DUPLICATE,MERGE_SOURCE_DUPLICATE,overture,overture:6883a4b8-a4c0-4d13-8c21-bb24d0c7163f,overture:9c38eb30-3528-4b4c-a3b8-bbb5077574b2,"Loa Kéo Di Động - Chính Hãng, Giá Rẻ tại Đà Nẵng",unknown,EXCLUDED,,16.0489575,108.2387114,,,"{""confidence"":0.98,""distanceMeters"":7.47,""reasonCodes"":[""same_phone""]}",,
DUPLICATE:overture:80046716-cf29-40b3-8d23-953b3112ce61:overture:ef403dce-0300-4c2b-acb2-b2c804bddf11,P3,source_duplicate_resolution,SOURCE_DUPLICATE,MERGE_SOURCE_DUPLICATE,overture,overture:80046716-cf29-40b3-8d23-953b3112ce61,overture:ef403dce-0300-4c2b-acb2-b2c804bddf11,Ông Địa Thần Tài - Hào Quang Phật,professional,LOW_VALUE,,16.0843569,108.2182963,,,"{""confidence"":0.98,""distanceMeters"":20.11,""reasonCodes"":[""same_phone""]}",,
DUPLICATE:overture:9b26f034-385d-4481-9ee6-17123a761741:overture:f61d7431-b3e4-4d52-a49d-2eed22318026,P3,source_duplicate_resolution,SOURCE_DUPLICATE,MERGE_SOURCE_DUPLICATE,overture,overture:9b26f034-385d-4481-9ee6-17123a761741,overture:f61d7431-b3e4-4d52-a49d-2eed22318026,Heo Dat Homestay,accommodation,TRAVELER_RELEVANT,,16.04337688,108.21211326,,,"{""confidence"":0.98,""distanceMeters"":8.51,""reasonCodes"":[""same_phone""]}",,
MATCH:osm:osm:node:10598314706,P0,high_confidence_gate_not_met,HIGH_CONFIDENCE_MATCH,ENRICH_EXISTING,osm,osm:node:10598314706,,Reply 1988,cafe,TRAVELER_RELEVANT,,16.0639774,108.2228375,google_maps_1742,Reply 1988 Cafe,"{""confidence"":0.9963,""reasonCodes"":[""tight_distance"",""strong_name_similarity"",""category_compatible""]}",,
MATCH:osm:osm:node:13964372302,P0,high_confidence_gate_not_met,HIGH_CONFIDENCE_MATCH,ENRICH_EXISTING,osm,osm:node:13964372302,,KIN Cafe & Homebakes,cafe,TRAVELER_RELEVANT,,16.0652193,108.2405323,google_maps_1746,KIN Cafe & Homebakes,"{""confidence"":0.997,""reasonCodes"":[""tight_distance"",""strong_name_similarity"",""category_compatible""]}",,
MATCH:osm:osm:way:699673423,P2,strong_new_traveler_candidate,NEW_CANDIDATE,CREATE_NEW,osm,osm:way:699673423,,Tehana Beach Hotel Da Nang,accommodation,TRAVELER_RELEVANT,NEW_TIER_A_STRONG,16.0427276,108.2479052,google_maps_5228,Holiday Beach Hotel Danang,"{""confidence"":0.3968,""reasonCodes"":[""incompatible_category"",""no_credible_canonical_match""]}",,
MATCH:overture:overture:07983e98-bc8b-4329-a59d-50d94054d14b,P2,strong_new_traveler_candidate,NEW_CANDIDATE,CREATE_NEW,overture,overture:07983e98-bc8b-4329-a59d-50d94054d14b,,Eaka coffee,cafe,TRAVELER_RELEVANT,NEW_TIER_A_STRONG,16.05953445,108.20394916,,,"{""confidence"":0,""reasonCodes"":[""no_credible_canonical_match""]}",,
MATCH:overture:overture:0934b937-b13c-413e-abe8-cb79e69b60b7,P1,high_value_probable_match,PROBABLE_MATCH,ENRICH_EXISTING,overture,overture:0934b937-b13c-413e-abe8-cb79e69b60b7,,Cà phê Mơn Man,cafe,TRAVELER_RELEVANT,,16.05477835,108.10177053,google_maps_4375,Cà phê Mơn Man,"{""confidence"":0.929,""reasonCodes"":[""exact_name_threshold_edge"",""category_compatible"",""address_support""]}",,
MATCH:overture:overture:0b0134d6-e228-4f30-950b-ea44d49b8316,P2,strong_new_traveler_candidate,NEW_CANDIDATE,CREATE_NEW,overture,overture:0b0134d6-e228-4f30-950b-ea44d49b8316,,DMT MARINA,restaurant,TRAVELER_RELEVANT,NEW_TIER_A_STRONG,16.06309526,108.23004147,google_maps_1744,Tamarind Coffee,"{""confidence"":0.4879,""reasonCodes"":[""no_credible_canonical_match""]}",,
MATCH:overture:overture:0bb01b18-95ed-4aa3-83b1-ab6440f44896,P0,high_confidence_gate_not_met,HIGH_CONFIDENCE_MATCH,ENRICH_EXISTING,overture,overture:0bb01b18-95ed-4aa3-83b1-ab6440f44896,,DON Chicken Đà Nẵng,restaurant,TRAVELER_RELEVANT,,16.06013826,108.21344159,google_maps_1641,Don Chicken 돈 치킨,"{""confidence"":0.9987,""reasonCodes"":[""tight_distance"",""strong_name_similarity"",""category_compatible""]}",,
MATCH:overture:overture:0de6b4d3-a78a-486d-b091-a429c1c46136,P2,strong_new_traveler_candidate,NEW_CANDIDATE,CREATE_NEW,overture,overture:0de6b4d3-a78a-486d-b091-a429c1c46136,,Jin Zhong Tea and Coffee,cafe,TRAVELER_RELEVANT,NEW_TIER_A_STRONG,16.05589226,108.23258677,,,"{""confidence"":0,""reasonCodes"":[""no_credible_canonical_match""]}",,
MATCH:overture:overture:10a50ef6-e636-4bfc-8249-201d49a1db11,P0,high_confidence_gate_not_met,HIGH_CONFIDENCE_MATCH,ENRICH_EXISTING,overture,overture:10a50ef6-e636-4bfc-8249-201d49a1db11,,BonPas Bakery & Cafe,cafe,TRAVELER_RELEVANT,,16.04228688,108.2175079,google_maps_2091,BonPas Bakery & Cafe,"{""confidence"":0.9974,""reasonCodes"":[""tight_distance"",""strong_name_similarity"",""category_compatible""]}",,
MATCH:overture:overture:163dfca7-cf98-40da-bed0-1555283a8d74,P0,high_confidence_gate_not_met,HIGH_CONFIDENCE_MATCH,ENRICH_EXISTING,overture,overture:163dfca7-cf98-40da-bed0-1555283a8d74,,Cơm tấm Sài Gòn thiện,restaurant,TRAVELER_RELEVANT,,16.05136827,108.15135096,google_maps_779,Cơm tấm Sài Gòn thiện,"{""confidence"":0.9985,""reasonCodes"":[""tight_distance"",""strong_name_similarity"",""category_compatible""]}",,
MATCH:overture:overture:2508b42c-5aec-463f-9b47-7daa10bd4685,P4,new_traveler_candidate_needs_evidence,NEW_CANDIDATE,CREATE_NEW,overture,overture:2508b42c-5aec-463f-9b47-7daa10bd4685,,Cơ Sở Màn Rèm Ngọc Trâm,shopping,TRAVELER_RELEVANT,NEW_TIER_B_REVIEW,16.08824826,108.23060759,google_maps_2626,Co.opmart Sơn Trà,"{""confidence"":0.713,""reasonCodes"":[""incompatible_category"",""no_credible_canonical_match""]}",,
MATCH:overture:overture:27cd6d6f-8960-48b5-b2f8-d30921f17616,P1,high_value_probable_match,PROBABLE_MATCH,ENRICH_EXISTING,overture,overture:27cd6d6f-8960-48b5-b2f8-d30921f17616,,Thai's Food - Trần Quốc Toản,restaurant,TRAVELER_RELEVANT,,16.066120088735033,108.22428719048288,foody_1,Cafe & Trà Sữa BandB - Trần Quốc Toản,"{""confidence"":0.7743,""reasonCodes"":[""nearby_coordinates"",""category_compatible""]}",,
MATCH:overture:overture:2f31dc4d-fe9a-4b82-93e2-e4adece2fc75,P0,high_confidence_gate_not_met,HIGH_CONFIDENCE_MATCH,ENRICH_EXISTING,overture,overture:2f31dc4d-fe9a-4b82-93e2-e4adece2fc75,,One Cafe Muối (CN1 - 234 Nguyễn Hữu Thọ),cafe,TRAVELER_RELEVANT,,16.04073529,108.21025398,google_maps_2338,One Cafe Muối (CN1 - 234 Nguyễn Hữu Thọ),"{""confidence"":0.9892,""reasonCodes"":[""tight_distance"",""strong_name_similarity"",""category_compatible""]}",,
MATCH:overture:overture:311c3e35-3594-44ba-bd2f-1534ca51710f,P4,new_traveler_candidate_needs_evidence,NEW_CANDIDATE,CREATE_NEW,overture,overture:311c3e35-3594-44ba-bd2f-1534ca51710f,,Quán Dê Tài Tiến 2,restaurant,TRAVELER_RELEVANT,NEW_TIER_B_REVIEW,16.09711222,108.13394699,google_maps_276,Quán nhậu Nắng Chiều,"{""confidence"":0.439,""reasonCodes"":[""no_credible_canonical_match""]}",,
MATCH:overture:overture:3932f267-6d09-4b2f-99ba-78c1e619740e,P2,strong_new_traveler_candidate,NEW_CANDIDATE,CREATE_NEW,overture,overture:3932f267-6d09-4b2f-99ba-78c1e619740e,,Trà Sữa Ông Thọ,cafe,TRAVELER_RELEVANT,NEW_TIER_A_STRONG,16.07544099,108.21247172,google_maps_1215,Trà Sữa Thanh Trà Đà Nẵng,"{""confidence"":0.6801,""reasonCodes"":[""no_credible_canonical_match""]}",,
MATCH:overture:overture:3a1f7858-a01d-4ecf-b282-dc778459d6c2,P1,high_value_probable_match,PROBABLE_MATCH,ENRICH_EXISTING,overture,overture:3a1f7858-a01d-4ecf-b282-dc778459d6c2,,Trà Sữa XingFu Cha,cafe,TRAVELER_RELEVANT,,16.06771771,108.18234055,google_maps_1211,Trà Sữa Ngon Nhất Đà NẴng,"{""confidence"":0.7707,""reasonCodes"":[""nearby_coordinates"",""category_compatible""]}",,
MATCH:overture:overture:3efd3ef0-5244-4bbf-8796-83c670eac952,P1,high_value_probable_match,PROBABLE_MATCH,ENRICH_EXISTING,overture,overture:3efd3ef0-5244-4bbf-8796-83c670eac952,,Nguyen Coffee and Tea,cafe,TRAVELER_RELEVANT,,16.05386509,108.17698296,google_maps_875,Nguyễn Gia Trang,"{""confidence"":0.6354,""reasonCodes"":[""nearby_coordinates"",""category_compatible""]}",,
MATCH:overture:overture:4a77f2c2-4cc7-4dd9-9b32-96544a75de2d,P1,high_value_probable_match,PROBABLE_MATCH,ENRICH_EXISTING,overture,overture:4a77f2c2-4cc7-4dd9-9b32-96544a75de2d,,Mùn cafe,cafe,TRAVELER_RELEVANT,,16.06919358,108.10586338,google_maps_398,Mùn cafe,"{""confidence"":0.9327,""reasonCodes"":[""exact_name_threshold_edge"",""category_compatible""]}",,
MATCH:overture:overture:4ba1a7e4-8475-4660-b9dc-0483d6dbb36d,P2,strong_new_traveler_candidate,NEW_CANDIDATE,CREATE_NEW,overture,overture:4ba1a7e4-8475-4660-b9dc-0483d6dbb36d,,Cafe Nhã Uyên,cafe,TRAVELER_RELEVANT,NEW_TIER_A_STRONG,16.042885150482,108.18805932999,foody_1051,Pha Lê Cafe,"{""confidence"":0.4479,""reasonCodes"":[""no_credible_canonical_match""]}",,
MATCH:overture:overture:554813e2-a2a2-4c89-86c4-4637cc253b9e,P4,new_traveler_candidate_needs_evidence,NEW_CANDIDATE,CREATE_NEW,overture,overture:554813e2-a2a2-4c89-86c4-4637cc253b9e,,Tiệm Bánh Meowlike,bakery,TRAVELER_RELEVANT,NEW_TIER_B_REVIEW,16.08818997,108.24087227,google_maps_2687,Đồng Tiến Bakery,"{""confidence"":0.4679,""reasonCodes"":[""no_credible_canonical_match""]}",,
MATCH:overture:overture:58176d2a-bae7-44b3-ba29-6cd243eca3d9,P4,new_traveler_candidate_needs_evidence,NEW_CANDIDATE,CREATE_NEW,overture,overture:58176d2a-bae7-44b3-ba29-6cd243eca3d9,,Quán Phố Cổ Hà Nội,restaurant,TRAVELER_RELEVANT,NEW_TIER_B_REVIEW,16.07094165,108.15492178,google_maps_598,Bánh canh má hàm,"{""confidence"":0.5773,""reasonCodes"":[""no_credible_canonical_match""]}",,
MATCH:overture:overture:66e2d43d-53d7-458a-9d64-23d798470788,P4,new_traveler_candidate_needs_evidence,NEW_CANDIDATE,CREATE_NEW,overture,overture:66e2d43d-53d7-458a-9d64-23d798470788,,Yen Sao Nhat Tin,shopping,TRAVELER_RELEVANT,NEW_TIER_B_REVIEW,16.02307886,108.20954946,google_maps_3836,LAM Apartment & Hotel Đà Nẵng - Formerly MTR Apartment & Hotel,"{""confidence"":0.4562,""reasonCodes"":[""incompatible_category"",""no_credible_canonical_match""]}",,
MATCH:overture:overture:6ab1c81a-b5f9-43b3-b7de-167f049118a1,P2,strong_new_traveler_candidate,NEW_CANDIDATE,CREATE_NEW,overture,overture:6ab1c81a-b5f9-43b3-b7de-167f049118a1,,Karaoke nexttop club,bar,TRAVELER_RELEVANT,NEW_TIER_A_STRONG,16.03403252,108.21460442,google_maps_982,Karaoke Royal club,"{""confidence"":0.377,""reasonCodes"":[""incompatible_category"",""no_credible_canonical_match""]}",,
MATCH:overture:overture:6f08c921-41e1-448a-a1b8-50315255ffc7,P4,new_traveler_candidate_needs_evidence,NEW_CANDIDATE,CREATE_NEW,overture,overture:6f08c921-41e1-448a-a1b8-50315255ffc7,,Trung TÂM Mua BÁN SỬA ChỮA Xe ĐIỆN Nam ĐỨC,event,TRAVELER_RELEVANT,NEW_TIER_B_REVIEW,16.0788836,108.16722103,google_maps_126,Buffet bò Mỹ - Hải sản,"{""confidence"":0.2586,""reasonCodes"":[""incompatible_category"",""no_credible_canonical_match""]}",,
MATCH:overture:overture:6fec0184-4937-4385-a49b-63a65a4ec672,P2,strong_new_traveler_candidate,NEW_CANDIDATE,CREATE_NEW,overture,overture:6fec0184-4937-4385-a49b-63a65a4ec672,,Quán Nhậu A Xữ,restaurant,TRAVELER_RELEVANT,NEW_TIER_A_STRONG,16.08191346,108.2442148,google_maps_2748,Quán Nhậu Dũng Mập,"{""confidence"":0.511,""reasonCodes"":[""no_credible_canonical_match""]}",,
MATCH:overture:overture:74351d0b-e739-4141-ab85-b281adeaba60,P1,high_value_probable_match,PROBABLE_MATCH,ENRICH_EXISTING,overture,overture:74351d0b-e739-4141-ab85-b281adeaba60,,Hải Sản Thúng,restaurant,TRAVELER_RELEVANT,,16.06327434,108.24228815,google_maps_1691,Hải sản Mộc quán Đà Nẵng,"{""confidence"":0.7317,""reasonCodes"":[""nearby_coordinates"",""category_compatible""]}",,
MATCH:overture:overture:7555b69e-4737-448c-8380-3e06c48566ff,P0,potential_false_merge_or_chain_collision,AMBIGUOUS,DEFER,overture,overture:7555b69e-4737-448c-8380-3e06c48566ff,,Đồng Tiến Bakery,bakery,TRAVELER_RELEVANT,,16.10066441,108.25065798,google_maps_2444,Đồng Tiến Bakery,"{""confidence"":0.9962,""reasonCodes"":[""chain_branch_collision"",""branch_token_required""]}",,
MATCH:overture:overture:7cc37517-d3f8-45c7-8dfc-42fc55910eb9,P1,high_value_probable_match,PROBABLE_MATCH,ENRICH_EXISTING,overture,overture:7cc37517-d3f8-45c7-8dfc-42fc55910eb9,,Quán Nhậu Đèo,restaurant,TRAVELER_RELEVANT,,16.05462776,108.16053025,google_maps_3982,Quán Nhậu Đèo,"{""confidence"":0.9606,""reasonCodes"":[""exact_name_threshold_edge"",""category_compatible""]}",,
MATCH:overture:overture:7ce99702-701f-4168-9120-a94d2821c228,P0,potential_false_merge_or_chain_collision,AMBIGUOUS,DEFER,overture,overture:7ce99702-701f-4168-9120-a94d2821c228,,Tiệm bánh Hồng Ân,cafe,TRAVELER_RELEVANT,,16.066387694438,108.10484111309,google_maps_421,Tiệm Bánh Hồng Ân,"{""confidence"":0.7478,""reasonCodes"":[""multiple_probable_candidates""]}",,
MATCH:overture:overture:7db15ba6-9564-4462-8ebd-fb3e747643d3,P2,strong_new_traveler_candidate,NEW_CANDIDATE,CREATE_NEW,overture,overture:7db15ba6-9564-4462-8ebd-fb3e747643d3,,Fusion Resort & Villas,accommodation,TRAVELER_RELEVANT,NEW_TIER_A_STRONG,15.97468115,108.28129692,,,"{""confidence"":0,""reasonCodes"":[""no_credible_canonical_match""]}",,
MATCH:overture:overture:7f8cfa1f-a3d1-432a-9aac-530b9c58c3f0,P1,high_value_probable_match,PROBABLE_MATCH,ENRICH_EXISTING,overture,overture:7f8cfa1f-a3d1-432a-9aac-530b9c58c3f0,,Banh Canh Ca Rim Ma Nhung,restaurant,TRAVELER_RELEVANT,,16.13317017,108.11973245,google_maps_167,Bánh canh cá nục rim Má Nhung 1 (local restaurant),"{""confidence"":0.7593,""reasonCodes"":[""nearby_coordinates"",""category_compatible""]}",,
MATCH:overture:overture:82473105-3711-4f5b-b123-675a49e106e5,P4,new_traveler_candidate_needs_evidence,NEW_CANDIDATE,CREATE_NEW,overture,overture:82473105-3711-4f5b-b123-675a49e106e5,,Nhà hàng Hương Cau 2,restaurant,TRAVELER_RELEVANT,NEW_TIER_B_REVIEW,16.04611,108.222648,google_maps_1401,McDonald's 2 Tháng 9,"{""confidence"":0.4948,""reasonCodes"":[""no_credible_canonical_match""]}",,
MATCH:overture:overture:8559c4e7-4b82-41dd-a980-f7155b6f5319,P1,high_value_probable_match,PROBABLE_MATCH,ENRICH_EXISTING,overture,overture:8559c4e7-4b82-41dd-a980-f7155b6f5319,,Nhà Hàng Tiệc Cưới Hương Lam,restaurant,TRAVELER_RELEVANT,,15.96186124,108.13939984,google_maps_3727,Nhà Hàng Tiệc Cưới Hương Lam,"{""confidence"":0.9647,""reasonCodes"":[""exact_name_threshold_edge"",""category_compatible""]}",,
MATCH:overture:overture:8763d3d6-1699-4376-a419-2c5b61c9f4b9,P1,high_value_probable_match,PROBABLE_MATCH,ENRICH_EXISTING,overture,overture:8763d3d6-1699-4376-a419-2c5b61c9f4b9,,Cafe 268,cafe,TRAVELER_RELEVANT,,16.08740887,108.14460113,google_maps_1269,Cafe 268,"{""confidence"":0.9676,""reasonCodes"":[""exact_name_threshold_edge"",""category_compatible""]}",,
MATCH:overture:overture:88dd5e3a-e3bf-4bcd-964c-6541a5224634,P4,new_traveler_candidate_needs_evidence,NEW_CANDIDATE,CREATE_NEW,overture,overture:88dd5e3a-e3bf-4bcd-964c-6541a5224634,,SRC Da Nang,event,TRAVELER_RELEVANT,NEW_TIER_B_REVIEW,15.98821853,108.19977146,,,"{""confidence"":0,""reasonCodes"":[""no_credible_canonical_match""]}",,
MATCH:overture:overture:8ec3dca5-ed78-4d44-92c9-b2eb6896ad22,P2,strong_new_traveler_candidate,NEW_CANDIDATE,CREATE_NEW,overture,overture:8ec3dca5-ed78-4d44-92c9-b2eb6896ad22,,Nhà thầu thi công Sơn nước chuyên nghiệp,shopping,TRAVELER_RELEVANT,NEW_TIER_A_STRONG,15.979243661380744,108.21525026858556,,,"{""confidence"":0,""reasonCodes"":[""no_credible_canonical_match""]}",,
MATCH:overture:overture:92a228ca-de5d-49af-b2a9-a6a09c59adfd,P0,high_confidence_gate_not_met,HIGH_CONFIDENCE_MATCH,ENRICH_EXISTING,overture,overture:92a228ca-de5d-49af-b2a9-a6a09c59adfd,,Nhà Hàng Sân Vườn Hai Trí,restaurant,TRAVELER_RELEVANT,,16.06409871,108.18038316,google_maps_1033,Nhà Hàng Sân Vườn Hai Trí,"{""confidence"":0.9824,""reasonCodes"":[""tight_distance"",""strong_name_similarity"",""category_compatible""]}",,
MATCH:overture:overture:9e2d951f-2e67-409e-832c-f990647f0155,P1,high_value_probable_match,PROBABLE_MATCH,ENRICH_EXISTING,overture,overture:9e2d951f-2e67-409e-832c-f990647f0155,,Café Giải Khát Phượng Hải,cafe,TRAVELER_RELEVANT,,16.11075215,108.12979532,google_maps_651,Café Giải Khát Phương,"{""confidence"":0.7478,""reasonCodes"":[""nearby_coordinates"",""category_compatible""]}",,
MATCH:overture:overture:a032bf52-d91e-4317-b733-c16315819c03,P4,new_traveler_candidate_needs_evidence,NEW_CANDIDATE,CREATE_NEW,overture,overture:a032bf52-d91e-4317-b733-c16315819c03,,Ốc sỉn,restaurant,TRAVELER_RELEVANT,NEW_TIER_B_REVIEW,16.05770654,108.20947103,google_maps_1892,Quán Ăn Minh Beo,"{""confidence"":0.5154,""reasonCodes"":[""no_credible_canonical_match""]}",,
MATCH:overture:overture:a1c463a9-ad5b-4b86-acc7-2e6dca34e38c,P0,potential_false_merge_or_chain_collision,AMBIGUOUS,DEFER,overture,overture:a1c463a9-ad5b-4b86-acc7-2e6dca34e38c,,Đồng Tiến Bakery - Kinh Dương Vương,bakery,TRAVELER_RELEVANT,,16.07587119,108.1674108,google_maps_1283,Đồng Tiến Bakery - Kinh Dương Vương,"{""confidence"":0.9301,""reasonCodes"":[""multiple_probable_candidates""]}",,
MATCH:overture:overture:a9165d43-8f39-4d95-8084-e8914aadcc8a,P2,strong_new_traveler_candidate,NEW_CANDIDATE,CREATE_NEW,overture,overture:a9165d43-8f39-4d95-8084-e8914aadcc8a,,Singapore International School,market,TRAVELER_RELEVANT,NEW_TIER_A_STRONG,15.99037136,108.25982807,,,"{""confidence"":0,""reasonCodes"":[""no_credible_canonical_match""]}",,
MATCH:overture:overture:aa3db1f7-022e-4e65-b73c-2aa0eb729cc2,P2,strong_new_traveler_candidate,NEW_CANDIDATE,CREATE_NEW,overture,overture:aa3db1f7-022e-4e65-b73c-2aa0eb729cc2,,Khách Sạn Johnny Đà Nẵng,accommodation,TRAVELER_RELEVANT,NEW_TIER_A_STRONG,16.07619,108.24195,google_maps_2743,Hải Sản Phủi,"{""confidence"":0.388,""reasonCodes"":[""incompatible_category"",""no_credible_canonical_match""]}",,
MATCH:overture:overture:aaccdd52-36df-438b-8ab1-32c9cd74c60b,P2,strong_new_traveler_candidate,NEW_CANDIDATE,CREATE_NEW,overture,overture:aaccdd52-36df-438b-8ab1-32c9cd74c60b,,Viet's Coffee,cafe,TRAVELER_RELEVANT,NEW_TIER_A_STRONG,16.02399664,108.21047072,google_maps_4998,Útt's Cafe,"{""confidence"":0.5176,""reasonCodes"":[""incompatible_category"",""no_credible_canonical_match""]}",,
MATCH:overture:overture:b66808b9-36fc-4af0-b7a5-55df001e7f18,P1,high_value_probable_match,PROBABLE_MATCH,ENRICH_EXISTING,overture,overture:b66808b9-36fc-4af0-b7a5-55df001e7f18,,Trà sữa FOR YOU,cafe,TRAVELER_RELEVANT,,16.07337238,108.17756448,google_maps_1083,Trà sữa FOR YOU,"{""confidence"":0.9214,""reasonCodes"":[""exact_name_threshold_edge"",""category_compatible""]}",,
MATCH:overture:overture:c18339cc-7f64-44f1-a40f-14a39d978bf2,P2,strong_new_traveler_candidate,NEW_CANDIDATE,CREATE_NEW,overture,overture:c18339cc-7f64-44f1-a40f-14a39d978bf2,,Quán Phước Râu,restaurant,TRAVELER_RELEVANT,NEW_TIER_A_STRONG,16.07444387,108.18148615,,,"{""confidence"":0,""reasonCodes"":[""no_credible_canonical_match""]}",,
MATCH:overture:overture:c405f96c-f080-49b9-9e26-c7d44fd4766d,P0,high_confidence_gate_not_met,HIGH_CONFIDENCE_MATCH,ENRICH_EXISTING,overture,overture:c405f96c-f080-49b9-9e26-c7d44fd4766d,,Quán Ăn Cô Nguyệt,restaurant,TRAVELER_RELEVANT,,16.03192396,108.22820056,google_maps_2059,Quán Ăn Cô Nguyệt,"{""confidence"":0.9938,""reasonCodes"":[""tight_distance"",""strong_name_similarity"",""category_compatible""]}",,
MATCH:overture:overture:cbf08eb7-c024-4980-b0a8-d5d522dff09f,P2,strong_new_traveler_candidate,NEW_CANDIDATE,CREATE_NEW,overture,overture:cbf08eb7-c024-4980-b0a8-d5d522dff09f,,Laluna Bar and Restaurant,restaurant,TRAVELER_RELEVANT,NEW_TIER_A_STRONG,16.00322541,108.26524099,google_maps_5056,Anh Tuyet Restaurant - Coffee,"{""confidence"":0.6177,""reasonCodes"":[""no_credible_canonical_match""]}",,
MATCH:overture:overture:d0023b13-852c-4d01-857f-5f5187feb5c2,P2,strong_new_traveler_candidate,NEW_CANDIDATE,CREATE_NEW,overture,overture:d0023b13-852c-4d01-857f-5f5187feb5c2,,57 Cafe and Apartment,holiday,TRAVELER_RELEVANT,NEW_TIER_A_STRONG,16.02605332,108.23939622,,,"{""confidence"":0,""reasonCodes"":[""no_credible_canonical_match""]}",,
MATCH:overture:overture:d1627b37-ff57-409a-9f1c-41ae86583548,P1,high_value_probable_match,PROBABLE_MATCH,ENRICH_EXISTING,overture,overture:d1627b37-ff57-409a-9f1c-41ae86583548,,The 59 Cafe,cafe,TRAVELER_RELEVANT,,16.07192941,108.21739413,google_maps_1914,The 59 cafe,"{""confidence"":0.9775,""reasonCodes"":[""exact_name_threshold_edge"",""category_compatible""]}",,
MATCH:overture:overture:d3a57c18-a885-48c8-89bf-485bc5e7022d,P2,strong_new_traveler_candidate,NEW_CANDIDATE,CREATE_NEW,overture,overture:d3a57c18-a885-48c8-89bf-485bc5e7022d,,ELC Da Nang Hotel,accommodation,TRAVELER_RELEVANT,NEW_TIER_A_STRONG,16.04158981,108.24836873,google_maps_4813,DS HOTEL ĐÀ NẴNG,"{""confidence"":0.3867,""reasonCodes"":[""incompatible_category"",""no_credible_canonical_match""]}",,
MATCH:overture:overture:d404cd99-fc33-4707-9258-225117f6a084,P0,potential_false_merge_or_chain_collision,AMBIGUOUS,DEFER,overture,overture:d404cd99-fc33-4707-9258-225117f6a084,,Đồng Tiến Bakery,bakery,TRAVELER_RELEVANT,,16.06204543,108.21850617,google_maps_1938,Đồng Tiến Bakery,"{""confidence"":0.999,""reasonCodes"":[""chain_branch_collision"",""branch_token_required""]}",,
MATCH:overture:overture:d75ae965-dcac-4d00-91aa-3c5b3534780a,P2,strong_new_traveler_candidate,NEW_CANDIDATE,CREATE_NEW,overture,overture:d75ae965-dcac-4d00-91aa-3c5b3534780a,,Texas Restaurant and Pub,bar,TRAVELER_RELEVANT,NEW_TIER_A_STRONG,16.06152103,108.24523587,google_maps_2896,Indus Indian Restaurant - Nhà hàng Ấn Độ - 인도 음식점,"{""confidence"":0.28,""reasonCodes"":[""incompatible_category"",""no_credible_canonical_match""]}",,
MATCH:overture:overture:de2c1881-bef8-4fdd-9435-49690f7a6d88,P0,potential_false_merge_or_chain_collision,AMBIGUOUS,DEFER,overture,overture:de2c1881-bef8-4fdd-9435-49690f7a6d88,,Mì Quảng Bà Mua - Ông Ích Đường,restaurant,TRAVELER_RELEVANT,,16.014046256430646,108.20568082033806,foody_1118,Mì Quảng Bà Mua - Ông Ích Đường,"{""confidence"":0.8882,""reasonCodes"":[""multiple_probable_candidates""]}",,
MATCH:overture:overture:e1a72ecc-ce0d-40fb-87e6-b21fca140423,P1,high_value_probable_match,PROBABLE_MATCH,ENRICH_EXISTING,overture,overture:e1a72ecc-ce0d-40fb-87e6-b21fca140423,,Trà sữa Torani,cafe,TRAVELER_RELEVANT,,16.07174783,108.1790621,google_maps_1083,Trà sữa FOR YOU,"{""confidence"":0.7886,""reasonCodes"":[""nearby_coordinates"",""category_compatible""]}",,
MATCH:overture:overture:e9c64e98-53a3-4299-a04a-70532383527a,P0,high_confidence_gate_not_met,HIGH_CONFIDENCE_MATCH,ENRICH_EXISTING,overture,overture:e9c64e98-53a3-4299-a04a-70532383527a,,Mai Café,cafe,TRAVELER_RELEVANT,,16.01288222,108.18101775,google_maps_3334,Mai Café,"{""confidence"":0.9887,""reasonCodes"":[""tight_distance"",""strong_name_similarity"",""category_compatible""]}",,
MATCH:overture:overture:eac22566-1334-4733-91aa-6c0affdaef74,P2,strong_new_traveler_candidate,NEW_CANDIDATE,CREATE_NEW,overture,overture:eac22566-1334-4733-91aa-6c0affdaef74,,43 Garden,bar,TRAVELER_RELEVANT,NEW_TIER_A_STRONG,16.04444012,108.2244338,,,"{""confidence"":0,""reasonCodes"":[""no_credible_canonical_match""]}",,
MATCH:overture:overture:ebaf3683-0b95-4863-ae4e-077059b67a53,P4,new_traveler_candidate_needs_evidence,NEW_CANDIDATE,CREATE_NEW,overture,overture:ebaf3683-0b95-4863-ae4e-077059b67a53,,Tuong Khi O Do Cao 564m So Voi Nuoc Bien,attraction,TRAVELER_RELEVANT,NEW_TIER_B_REVIEW,16.135047941890658,108.24563957192477,,,"{""confidence"":0,""reasonCodes"":[""no_credible_canonical_match""]}",,
MATCH:overture:overture:ebc7966f-cfac-4a2a-ac8e-a13e24dfa9e1,P0,high_confidence_gate_not_met,HIGH_CONFIDENCE_MATCH,ENRICH_EXISTING,overture,overture:ebc7966f-cfac-4a2a-ac8e-a13e24dfa9e1,,Nhà Hàng Sơn Trang,restaurant,TRAVELER_RELEVANT,,16.03508337,108.17999507,google_maps_3292,Nhà Hàng Sơn Trang,"{""confidence"":0.9982,""reasonCodes"":[""tight_distance"",""strong_name_similarity"",""category_compatible""]}",,
MATCH:overture:overture:ef1441e8-b66e-4d29-8717-6d3f42d638c7,P1,high_value_probable_match,PROBABLE_MATCH,ENRICH_EXISTING,overture,overture:ef1441e8-b66e-4d29-8717-6d3f42d638c7,,Nhà Hàng Bếp Xưa,restaurant,TRAVELER_RELEVANT,,16.07908959,108.22017881,google_maps_2116,Nhà Hàng Bếp Xưa,"{""confidence"":0.9306,""reasonCodes"":[""exact_name_threshold_edge"",""category_compatible""]}",,
MATCH:overture:overture:fae9a5b2-d2f4-48c9-b892-c41a870bc9e6,P2,strong_new_traveler_candidate,NEW_CANDIDATE,CREATE_NEW,overture,overture:fae9a5b2-d2f4-48c9-b892-c41a870bc9e6,,Mien Space,cafe,TRAVELER_RELEVANT,NEW_TIER_A_STRONG,16.06158434,108.22029163,google_maps_2291,Jam Space Café,"{""confidence"":0.5755,""reasonCodes"":[""no_credible_canonical_match""]}",,
